"","Case ID","Sepal.L","Sepal.W","Petal.L","Petal.W","Matched Neuron","BMU1","BMU2","BMUN","EUCDIS1","EUCDIS2","EUCDISN"
"1",1,5.1,3.5,1.4,0.2,1,6,1,5,0.0836990943860512,0.0902953469414186,0.479914248194983
"2",2,4.9,3,1.4,0.2,5,5,10,21,0.206366006254183,0.227116585885587,0.753486426758142
"3",3,4.7,3.2,1.3,0.2,5,10,15,21,0.119487753067595,0.121872281799756,0.720024549906162
"4",4,4.6,3.1,1.5,0.2,10,10,15,21,0.195025152491825,0.20193556763058,0.813547495133334
"5",5,5,3.6,1.4,0.2,1,6,1,5,0.0951782112811562,0.105335634194989,0.502129755440553
"6",6,5.4,3.9,1.7,0.4,21,21,16,5,0.367677577742715,0.459454207549376,1.04258362864681
"7",7,4.6,3.4,1.4,0.3,25,25,20,21,0.144057932775257,0.184961300467986,0.641394792762299
